id	status	fixture	gradleVersion	jdkVersion	kgpVersion	kotlinLangVersion	kotlinApiVersion	agpVersion	composeVersion	bcvVersion	pluginPublishVersion	requiredTasks	sourceRefs	notes
consumer-gradle-floor	declaredSupported	kotlin-jvm	9.0	17	2.1.21	2.1	2.1	-	-	-	-	help compileKotlin test check	kotlin-kgp,gradle-compat	README currently claims Gradle 9.0+ and Kotlin 2.1+.
consumer-kotlin-jvm-newest	declaredSupported	kotlin-jvm	9.8.0	17	2.4.20	-	-	-	-	-	-	help compileKotlin test check	kotlin-kgp,gradle-compat	Kotlin/JVM consumer on the newest Gradle and Kotlin line.
consumer-tests-disabled	declaredSupported	kotlin-jvm-tests-disabled	9.0	17	2.1.21	2.1	2.1	-	-	-	-	help check	kotlin-kgp,gradle-compat	DISABLE_TESTS must keep check green without executing the test task.
consumer-kmp-jvm-filter	declaredSupported	kmp	9.0	17	2.1.21	2.1	2.1	-	-	-	-	help assertKmpShape compileKotlinJvm jvmTest check	kotlin-kgp,gradle-compat	Verifies fkcSetupMultiplatform(config = {}) and KMP_TARGETS=JVM filtering without Android/JS/native task fanout.
consumer-kmp-jvm-filter-newest	declaredSupported	kmp	9.8.0	17	2.4.20	-	-	-	-	-	-	help assertKmpShape compileKotlinJvm jvmTest check	kotlin-kgp,gradle-compat	KMP consumer with KMP_TARGETS=JVM on the newest Gradle and Kotlin line.
consumer-kmp-common-only	declaredSupported	kmp-common	9.0	17	2.1.21	2.1	2.1	-	-	-	-	help assertNoPlatformTargets check	kotlin-kgp,gradle-compat	Verifies KMP_TARGETS=COMMON configures cleanly without platform target task creation.
consumer-gradle-plugin-floor	declaredSupported	gradle-plugin	9.0	17	2.1.21	2.1	2.1	-	-	-	2.2.1	help jar check assertSamWithReceiverMatchesKotlin	kotlin-kgp,gradle-compat	fkcSetupGradlePlugin must publish the requested plugin ID (the jar's plugin descriptor) and pass check.
consumer-gradle-plugin-newest	declaredSupported	gradle-plugin	9.8.0	17	2.4.20	-	-	-	-	-	2.2.1	help jar check assertSamWithReceiverMatchesKotlin	kotlin-kgp,gradle-compat	Same on the newest line; Gradle 9.4+ pre-fills a plugin declaration's ID with its name.
consumer-agp8-kmp	declaredSupported	android-kmp-agp8	9.0	17	2.1.21	2.1	2.1	8.13.2	-	-	-	help assertAgp8KmpShape	android-agp-gradle,android-kotlin-support	AGP 8 KMP legacy path must remain covered until the declared floor changes.
consumer-agp8-kmp-exec	declaredSupported	android-kmp-agp8-exec	9.0	17	2.1.21	2.1	2.1	8.13.2	-	-	-	help assertAgp8KmpShape compileDebugKotlinAndroid lintDebug assembleDebug testDebugUnitTest	android-agp-gradle,android-kotlin-support	Executes AGP 8 KMP Android compile, lint, and debug variant assembly without weakening the routing-only fixture.
consumer-agp9-kmp	declaredSupported	android-kmp-agp9	9.8.0	17	2.4.20	-	-	9.4.1	-	-	-	help assertAgp9KmpShape	android-agp-gradle	AGP 9 KMP-aware plugin path must avoid duplicate android target creation.
consumer-agp9-kmp-exec	declaredSupported	android-kmp-agp9-exec	9.8.0	17	2.4.20	-	-	9.4.1	-	0.18.2	-	help assertAgp9KmpShape compileAndroidMain lintAnalyzeAndroidHostTest bundleAndroidMainAar androidApiBuild	android-agp-gradle	Executes AGP 9 KMP-aware Android compile, lint-analysis, and AAR bundling. androidApiBuild proves the BCV android-main API lane (registerAndroidMainApiTasks) registers off the android main compilation; enableApiValidation is on in this fixture.
consumer-agp8-android-lib	declaredSupported	android-lib-agp8	9.0	17	2.1.21	2.1	2.1	8.13.2	-	-	-	help assertAndroidLibraryShape	android-agp-gradle,android-kotlin-support	AGP 8 non-KMP Android library path requires the consumer Kotlin Android plugin.
consumer-agp8-android-lib-exec	declaredSupported	android-lib-agp8-exec	9.0	17	2.1.21	2.1	2.1	8.13.2	-	-	-	help assertAndroidLibraryShape compileDebugKotlin lintDebug assembleDebug testDebugUnitTest	android-agp-gradle,android-kotlin-support	Executes AGP 8 non-KMP Android library Kotlin compile, lint, and debug assembly without weakening the routing-only fixture.
consumer-agp9-android-lib	declaredSupported	android-lib-agp9	9.8.0	17	2.4.20	-	-	9.4.1	-	-	-	help assertAndroidLibraryShape	android-agp-gradle	AGP 9 non-KMP Android library path uses built-in Kotlin and must not apply org.jetbrains.kotlin.android.
consumer-agp9-android-lib-exec	declaredSupported	android-lib-agp9-exec	9.8.0	17	2.4.20	-	-	9.4.1	-	-	-	help assertAndroidLibraryShape compileDebugKotlin lintDebug assembleDebug	android-agp-gradle	Executes AGP 9 non-KMP Android library built-in Kotlin compile, lint, and debug assembly without weakening the routing-only fixture.
consumer-compose-desktop	declaredSupported	compose-desktop	9.8.0	17	2.4.20	-	-	-	1.12.1	-	-	help assertComposeDesktopShape check createReleaseDistributable	compose-compat,gradle-compat	Compose Desktop on the current Compose line; desktop distributable creation requires JDK 17+ and avoids OS package installer UI.
consumer-compose-desktop-preapplied	declaredSupported	compose-desktop-preapplied	9.8.0	17	2.4.20	-	-	-	1.12.1	-	-	help assertComposeDesktopShape check createReleaseDistributable	compose-compat,gradle-compat	Compose Desktop with consumer-applied Kotlin Compose compiler plugin; verifies Fluxo configures without duplicate plugin assumptions.
consumer-compose-agp8-kmp	declaredSupported	compose-kmp-agp8	9.0	17	2.1.21	2.1	2.1	8.13.2	1.12.1	-	-	help assertAgp8KmpComposeShape compileDebugKotlinAndroid compileKotlinJvm	compose-compat,android-agp-gradle,android-kotlin-support	Compose KMP across JVM and AGP 8 legacy Android target with the Kotlin Compose plugin available on the classpath.
consumer-compose-agp9-kmp	declaredSupported	compose-kmp-agp9	9.8.0	17	2.4.20	-	-	9.4.1	1.12.1	-	-	help assertAgp9KmpComposeShape compileAndroidMain compileKotlinJvm	compose-compat,android-agp-gradle	Compose KMP across JVM and AGP 9 KMP-aware Android target with AGP built-in Android Kotlin support and explicit Kotlin Compose compiler classpath.
consumer-agp9-kmp-app-unsupported	unsupported	android-kmp-agp9-app-unsupported	9.8.0	17	2.4.20	-	-	9.4.1	-	-	-	help	android-agp-gradle	AGP 9 has no KMP-aware Android application plugin; KMP androidApp must fail with the split-module migration guidance.
consumer-kmp-invalid-target	unsupported	kmp-invalid-target	9.0	17	2.1.21	2.1	2.1	-	-	-	-	help	kotlin-kgp,gradle-compat	Invalid KMP_TARGETS values must fail during plugin configuration with the allowed target keys.
